<?xml version="1.0" encoding="UTF-8"?>
<project-private xmlns="http://www.netbeans.org/ns/project-private/1">
    <editor-bookmarks xmlns="http://www.netbeans.org/ns/editor-bookmarks/2" lastBookmarkId="0"/>
    <open-files xmlns="http://www.netbeans.org/ns/projectui-open-files/2">
        <group>
            <file>file:/C:/Users/AndiswaBuhle/OneDrive/Desktop/ParadiseInfo.java/NetBeansProjects/Prog6112THT/src/Q2/Use_Inspection.java</file>
            <file>file:/C:/Users/AndiswaBuhle/OneDrive/Desktop/ParadiseInfo.java/NetBeansProjects/Prog6112THT/src/prog6112tht/Inspection.java</file>
            <file>file:/C:/Users/AndiswaBuhle/OneDrive/Desktop/ParadiseInfo.java/NetBeansProjects/Prog6112THT/src/prog6112tht/Prog6112THT.java</file>
            <file>file:/C:/Users/AndiswaBuhle/OneDrive/Desktop/ParadiseInfo.java/NetBeansProjects/Prog6112THT/src/Q2/Inspection.java</file>
            <file>file:/C:/Users/AndiswaBuhle/OneDrive/Desktop/ParadiseInfo.java/NetBeansProjects/Prog6112THT/src/Q2/Hospital.java</file>
            <file>file:/C:/Users/AndiswaBuhle/OneDrive/Desktop/ParadiseInfo.java/NetBeansProjects/Prog6112THT/src/Q2/Interface.java</file>
        </group>
    </open-files>
</project-private>
